caller	callee
SERIAL_ISR	jump_FED1
jump_01E0	dptr_FE00
jump_01E0	jump_1440
jump_01E0	jump_33D8
jump_01E0	jump_FE21
jump_0212	jump_032F
jump_0212	jump_034D
jump_0212	jump_FE24
jump_0212	jump_FE3F
jump_0212	jump_FE42
jump_023A	jump_0DFE
jump_023A	jump_FE06
jump_0257	jump_03A4
jump_0257	jump_30A7
jump_0257	jump_FE06
jump_027E	jump_328A
jump_027E	jump_FE06
jump_02A1	jump_30A7
jump_02A1	jump_FE06
jump_02CD	jump_037C
jump_02CD	jump_328A
jump_02CD	jump_FE06
jump_0311	jump_30A7
jump_0311	jump_FE06
jump_034D	jump_FE06
jump_034D	jump_FE51
jump_071D	jump_36D1
jump_076E	jump_35BE
jump_076E	jump_36D1
jump_076E	jump_FE03
jump_079C	jump_FE03
jump_0803	jump_3630
jump_0803	jump_FE06
jump_085B	jump_3630
jump_0886	jump_3630
jump_08B1	jump_3630
jump_08DC	jump_3630
jump_08DC	jump_3685
jump_08DC	jump_FE06
jump_0983	jump_359C
jump_09A8	jump_359C
jump_09A8	jump_FE06
jump_0A07	jump_3685
jump_0A07	jump_FE06
jump_0AAE	jump_0B4C
jump_0B3C	jump_0AAE
jump_0E05	jump_33D8
jump_0E2C	jump_FE54
jump_0EA2	jump_FE1E
jump_0EA2	jump_FE27
jump_0EA2	jump_FE33
jump_0EA2	jump_FE3F
jump_0EA2	jump_FE42
jump_0EA2	jump_FE45
jump_0EA2	jump_FE48
jump_0EA2	jump_FE4B
jump_0F16	jump_0FE7
jump_0F16	jump_FE6F
jump_0F1F	jump_0FE7
jump_0F1F	jump_FE51
jump_0F1F	jump_FE6C
jump_0F84	jump_FE48
jump_0FCD	jump_FE45
jump_0FE7	jump_0F16
jump_0FFA	jump_36BB
jump_0FFA	jump_FE51
jump_1016	jump_10EB
jump_1016	jump_FE2A
jump_1016	jump_FE5A
jump_10A3	jump_11CC
jump_10B8	jump_FE57
jump_10CB	jump_FE33
jump_10EB	jump_11CC
jump_114A	jump_11D3
jump_118D	jump_11D3
jump_119C	jump_FE57
jump_11AB	jump_FE33
jump_11CC	jump_0F16
jump_11CC	jump_FE27
jump_12DD	jump_1378
jump_1334	jump_1284
jump_1357	jump_1284
jump_1373	jump_12DD
jump_1383	jump_1420
jump_13DA	jump_1284
jump_13FD	jump_1284
jump_141B	jump_1383
jump_1440	jump_33D8
jump_1480	jump_35BE
jump_1480	jump_36D1
jump_14CA	jump_35BE
jump_14CA	jump_36D1
jump_154E	jump_14FD
jump_1561	jump_1526
jump_1585	jump_1629
jump_158A	jump_14FD
jump_158A	jump_1526
jump_158A	jump_1627
jump_159C	jump_35D9
jump_15E0	jump_35D9
jump_1650	jump_156F
jump_167F	jump_175A
jump_16B7	jump_1786
jump_16BD	jump_17B2
jump_16C3	jump_17DE
jump_16C9	jump_180D
jump_16D0	jump_35BE
jump_16D0	jump_3608
jump_16EE	jump_35BE
jump_16EE	jump_3608
jump_1706	jump_14B3
jump_1715	jump_35BE
jump_1715	jump_3608
jump_1733	jump_35BE
jump_1733	jump_3608
jump_174B	jump_14B3
jump_177C	jump_1469
jump_17A8	jump_1469
jump_17D4	jump_1469
jump_1800	jump_1469
jump_185B	jump_FE48
jump_18FB	jump_FE48
jump_19CF	jump_FE48
jump_1A1C	jump_1D68
jump_1A1C	jump_1DDA
jump_1A1C	jump_1E4B
jump_1A1C	jump_33D8
jump_1A1C	jump_FE48
jump_1AC3	jump_2182
jump_1ADB	jump_1DAD
jump_1AFC	jump_1C6C
jump_1B09	jump_1C5D
jump_1B4F	jump_1C5D
jump_1BC1	jump_1F2B
jump_1BC1	jump_3708
jump_1C31	jump_3708
jump_1C5D	jump_1AFC
jump_1C6C	jump_1D5B
jump_1CF3	jump_1F2B
jump_1CF3	jump_36E7
jump_1D3B	jump_36E7
jump_1D68	jump_1ED2
jump_1DA7	jump_1ED2
jump_1DD4	jump_1ED2
jump_1E0A	jump_1ED2
jump_1E3E	jump_1ED2
jump_1E44	jump_33D8
jump_1E4B	jump_1ED2
jump_1E4B	jump_1F23
jump_1E66	jump_1E44
jump_1E7A	jump_1DDA
jump_1E7A	jump_1E44
jump_1E7A	jump_1E8F
jump_1F0E	jump_1E44
jump_1F23	jump_1E10
jump_1F49	jump_2052
jump_1F6A	jump_2052
jump_1F6A	jump_361C
jump_1F6A	jump_3685
jump_1F98	jump_2052
jump_1F98	jump_361C
jump_1F98	jump_3685
jump_1FC6	jump_361C
jump_1FC6	jump_3685
jump_1FF1	jump_361C
jump_1FF1	jump_3685
jump_201B	jump_361C
jump_201B	jump_3685
jump_2052	jump_2179
jump_2077	jump_2179
jump_2077	jump_361C
jump_2077	jump_3685
jump_20AB	jump_2179
jump_20AB	jump_361C
jump_20AB	jump_3685
jump_20DF	jump_361C
jump_20DF	jump_3685
jump_2110	jump_361C
jump_2110	jump_3685
jump_2143	jump_361C
jump_2143	jump_3685
jump_2F8B	jump_2FD2
jump_30A7	jump_3348
jump_30B9	jump_3253
jump_30C3	jump_3176
jump_30DA	jump_321C
jump_30E0	jump_3246
jump_30E7	jump_3253
jump_30EE	jump_3253
jump_30F8	jump_3253
jump_3109	jump_3253
jump_3121	jump_3253
jump_312D	jump_3253
jump_3138	jump_32A9
jump_3140	jump_3253
jump_314B	jump_3253
jump_316B	jump_3253
jump_3176	jump_0646
jump_3176	jump_3253
jump_3176	jump_328A
jump_3176	jump_FE06
jump_31BA	jump_3253
jump_31C1	jump_0542
jump_31C1	jump_0646
jump_3204	jump_0646
jump_3253	jump_32B9
jump_326C	jump_30AA
jump_3276	jump_30AA
jump_327E	jump_3087
jump_327E	jump_30AA
jump_328A	fwd_0000_RESET_TARGET
jump_328A	jump_3332
jump_328A	jump_8000
jump_32A9	jump_3066
jump_32B9	jump_3066
jump_3348	jump_3332
jump_33F8	jump_FEC9
jump_3434	jump_FEED
jump_3452	jump_FEC1
jump_3470	jump_FEC5
jump_348E	jump_FECD
jump_34AC	jump_FED9
jump_34CA	jump_FEDD
jump_34E8	jump_FEE1
jump_3506	jump_FEE5
jump_3524	jump_FEE9
jump_3542	jump_FEF1
jump_3560	jump_FEF5
jump_357E	jump_FEF9
jump_3694	jump_3630
jump_36AD	jump_3630
