start	end	byte_count	linear_lcall_candidates	pointer_word_candidates	status
0x0006	0x000A	5	0	0	linear candidates only
0x000E	0x0012	5	0	0	linear candidates only
0x0016	0x001A	5	0	0	linear candidates only
0x001E	0x0022	5	0	0	linear candidates only
0x0026	0x002A	5	0	0	linear candidates only
0x0032	0x0032	1	0	0	linear candidates only
0x0036	0x003A	5	0	0	linear candidates only
0x003E	0x0042	5	0	0	linear candidates only
0x0046	0x004A	5	0	0	linear candidates only
0x004E	0x0052	5	0	0	linear candidates only
0x0056	0x005A	5	0	0	linear candidates only
0x005E	0x0062	5	0	0	linear candidates only
0x0066	0x006A	5	0	0	linear candidates only
0x006E	0x0072	5	0	0	linear candidates only
0x0076	0x00A2	45	1	17	linear candidates only
0x00A7	0x01DF	313	0	97	linear candidates only
0x0207	0x020B	5	0	2	linear candidates only
0x0237	0x0239	3	0	1	linear candidates only
0x027A	0x027D	4	1	2	linear candidates only
0x029F	0x02A0	2	0	1	linear candidates only
0x02C7	0x02CC	6	1	4	linear candidates only
0x0399	0x039A	2	0	1	linear candidates only
0x039C	0x039C	1	0	0	linear candidates only
0x03BA	0x03BB	2	0	1	linear candidates only
0x03BD	0x03BD	1	0	0	linear candidates only
0x03E9	0x03E9	1	0	0	linear candidates only
0x03F8	0x03F8	1	0	0	linear candidates only
0x041D	0x041D	1	0	0	linear candidates only
0x0428	0x0428	1	0	0	linear candidates only
0x0440	0x0440	1	0	0	linear candidates only
0x0466	0x0466	1	0	0	linear candidates only
0x0489	0x0489	1	0	0	linear candidates only
0x049A	0x049A	1	0	0	linear candidates only
0x04A7	0x04A7	1	0	0	linear candidates only
0x04BA	0x04BA	1	0	0	linear candidates only
0x04E6	0x04E6	1	0	0	linear candidates only
0x0514	0x0514	1	0	0	linear candidates only
0x0541	0x0541	1	0	0	linear candidates only
0x056E	0x056F	2	0	1	linear candidates only
0x0591	0x0592	2	0	0	linear candidates only
0x05C2	0x05C4	3	0	0	linear candidates only
0x05C6	0x0645	128	0	53	linear candidates only
0x067F	0x0C94	1558	19	753	linear candidates only
0x0C9B	0x0CC7	45	0	40	linear candidates only
0x0CCE	0x0CDE	17	0	16	linear candidates only
0x0CE5	0x0CE6	2	0	1	linear candidates only
0x0CF2	0x0D08	23	0	18	linear candidates only
0x0D19	0x0D19	1	0	0	linear candidates only
0x0D25	0x0D25	1	0	0	linear candidates only
0x0D2B	0x0D3D	19	0	18	linear candidates only
0x0D44	0x0D44	1	0	0	linear candidates only
0x0D51	0x0D51	1	0	0	linear candidates only
0x0D5A	0x0D5A	1	0	0	linear candidates only
0x0D5F	0x0DFD	159	0	152	linear candidates only
0x0E27	0x0E29	3	0	1	linear candidates only
0x0E2B	0x0E2B	1	0	0	linear candidates only
0x0E63	0x0E69	7	0	4	linear candidates only
0x0E6B	0x0E6B	1	0	0	linear candidates only
0x0E99	0x0E9F	7	0	4	linear candidates only
0x0EA1	0x0EA1	1	0	0	linear candidates only
0x0F1C	0x0F1E	3	0	2	linear candidates only
0x0F77	0x0F7D	7	0	1	linear candidates only
0x0F9E	0x0F9F	2	0	0	linear candidates only
0x0FC3	0x0FC6	4	0	1	linear candidates only
0x0FE4	0x0FE6	3	0	1	linear candidates only
0x0FED	0x0FEF	3	0	2	linear candidates only
0x1011	0x1015	5	0	3	linear candidates only
0x1037	0x103B	5	0	4	linear candidates only
0x1047	0x1047	1	0	0	linear candidates only
0x1079	0x107C	4	0	0	linear candidates only
0x108A	0x108C	3	0	0	linear candidates only
0x10B4	0x10B7	4	0	3	linear candidates only
0x10C6	0x10CA	5	0	2	linear candidates only
0x10E8	0x10E8	1	0	0	linear candidates only
0x10EA	0x10EA	1	0	0	linear candidates only
0x1183	0x118C	10	1	6	linear candidates only
0x119A	0x119B	2	0	1	linear candidates only
0x11A9	0x11AA	2	0	0	linear candidates only
0x11C8	0x11C8	1	0	0	linear candidates only
0x11D2	0x11D2	1	0	0	linear candidates only
0x11EA	0x11EA	1	0	0	linear candidates only
0x120C	0x1346	315	0	179	linear candidates only
0x134C	0x135C	17	1	10	linear candidates only
0x1362	0x13EC	139	1	70	linear candidates only
0x13F2	0x1402	17	1	10	linear candidates only
0x1408	0x1408	1	0	0	linear candidates only
0x140D	0x143F	51	1	22	linear candidates only
0x145B	0x145F	5	0	2	linear candidates only
0x1469	0x1BBF	1879	49	789	linear candidates only
0x1BC4	0x1E94	721	19	353	linear candidates only
0x1E9B	0x24B0	1558	23	698	linear candidates only
0x24B6	0x25B2	253	0	45	linear candidates only
0x25B7	0x25CC	22	0	6	linear candidates only
0x25D1	0x25F8	40	0	10	linear candidates only
0x25FD	0x2887	651	0	157	linear candidates only
0x288D	0x28BC	48	0	13	linear candidates only
0x28C2	0x291A	89	0	27	linear candidates only
0x2920	0x295F	64	0	19	linear candidates only
0x2967	0x29A6	64	0	14	linear candidates only
0x29AC	0x29BA	15	0	1	linear candidates only
0x29BF	0x29EC	46	0	8	linear candidates only
0x29F2	0x2A2D	60	0	21	linear candidates only
0x2A32	0x2A72	65	0	19	linear candidates only
0x2A78	0x2A8F	24	0	6	linear candidates only
0x2A94	0x2AA4	17	0	1	linear candidates only
0x2AA9	0x2AD0	40	0	7	linear candidates only
0x2AD5	0x2BB7	227	0	54	linear candidates only
0x2BBC	0x2C27	108	0	26	linear candidates only
0x2C2D	0x2C2D	1	0	0	linear candidates only
0x2C32	0x2C59	40	0	9	linear candidates only
0x2C5E	0x2C88	43	0	10	linear candidates only
0x2C8D	0x2CB4	40	0	6	linear candidates only
0x2CB9	0x2D22	106	0	26	linear candidates only
0x2D27	0x2D27	1	0	0	linear candidates only
0x2D2D	0x2D6A	62	0	16	linear candidates only
0x2D6F	0x2D9A	44	0	8	linear candidates only
0x2D9F	0x2DC7	41	0	10	linear candidates only
0x2DCC	0x2DE0	21	0	5	linear candidates only
0x2DE5	0x2E0C	40	0	5	linear candidates only
0x2E12	0x2F22	273	0	56	linear candidates only
0x2F27	0x2F38	18	0	1	linear candidates only
0x2F3E	0x2F4B	14	0	0	linear candidates only
0x2F50	0x2F6E	31	0	0	linear candidates only
0x2F7C	0x2F7C	1	0	0	linear candidates only
0x2F88	0x2F8A	3	0	2	linear candidates only
0x2F91	0x2F96	6	0	3	linear candidates only
0x2FA4	0x2FA5	2	0	0	linear candidates only
0x2FAA	0x2FAB	2	0	0	linear candidates only
0x2FC0	0x2FC3	4	0	1	linear candidates only
0x2FC8	0x2FD1	10	0	8	linear candidates only
0x2FE9	0x2FEA	2	0	1	linear candidates only
0x3014	0x3065	82	0	32	linear candidates only
0x3082	0x3085	4	0	2	linear candidates only
0x30A2	0x30A5	4	0	2	linear candidates only
0x30B6	0x30B8	3	0	1	linear candidates only
0x30D5	0x30D9	5	0	4	linear candidates only
0x30DD	0x30DF	3	0	2	linear candidates only
0x30E3	0x30E4	2	0	1	linear candidates only
0x30EA	0x30ED	4	0	3	linear candidates only
0x311D	0x3120	4	0	2	linear candidates only
0x312A	0x312C	3	0	2	linear candidates only
0x313D	0x313F	3	1	2	linear candidates only
0x3166	0x316A	5	0	4	linear candidates only
0x31B7	0x31B9	3	0	2	linear candidates only
0x31FB	0x3203	9	1	7	linear candidates only
0x3214	0x3215	2	0	0	linear candidates only
0x321B	0x321B	1	0	0	linear candidates only
0x323B	0x323B	1	0	0	linear candidates only
0x3245	0x3245	1	0	0	linear candidates only
0x3252	0x3252	1	0	0	linear candidates only
0x3267	0x326B	5	1	2	linear candidates only
0x327B	0x327D	3	0	2	linear candidates only
0x3289	0x3289	1	0	0	linear candidates only
0x32C9	0x3331	105	0	51	linear candidates only
0x33D7	0x33D7	1	0	0	linear candidates only
0x33E1	0x33E5	5	0	2	linear candidates only
0x33F7	0x33F7	1	0	0	linear candidates only
0x359C	0x36BA	287	2	98	linear candidates only
0x36D1	0x3736	102	0	38	linear candidates only
0x3738	0x7FFF	18632	0	0	linear candidates only
