address	direction	rom_address	function	instruction
0x0034	W	jump_01E0+39	jump_01E0	movx @DPTR, A
0x0035	W	jump_020C+43	jump_020C	movx @DPTR, A
0xFEEE	W	jump_0212+52	jump_0212	movx @DPTR, A
0xFEEE	W	jump_0212+55	jump_0212	movx @DPTR, A
0x0035	R	jump_0212+59	jump_0212	movx A, @DPTR
0x0034	R	jump_0257+79	jump_0257	movx A, @DPTR
0xFDFE	R	jump_0293+109	jump_0293	movx A, @DPTR
0xFDFE	R	jump_0293+112	jump_0293	movx A, @DPTR
0xFDFC	R	jump_02A1+119	jump_02A1	movx A, @DPTR
0xFDFC	R	jump_02A1+123	jump_02A1	movx A, @DPTR
0xFDFE	R	jump_02CD+154	jump_02CD	movx A, @DPTR
0xFDFE	R	jump_02CD+157	jump_02CD	movx A, @DPTR
0xFDFE	W	jump_03BE+287	jump_03BE	movx @DPTR, A
0xFDFE	W	jump_03BE+289	jump_03BE	movx @DPTR, A
0x0036	W	jump_0542+293	jump_0542	movx @DPTR, A
0x0038	W	jump_054E+315	jump_054E	movx @DPTR, A
0x0037	W	jump_054E+319	jump_054E	movx @DPTR, A
0x0037	R	jump_0570+345	jump_0570	movx A, @DPTR
0x0037	R	jump_0570+348	jump_0570	movx A, @DPTR
0xFFF5	W	jump_0593+359	jump_0593	movx @DPTR, A
0xFFF4	W	jump_0593+362	jump_0593	movx @DPTR, A
0xFFF4	W	jump_0593+365	jump_0593	movx @DPTR, A
0xFFF4	W	jump_0593+369	jump_0593	movx @DPTR, A
0xFFF4	W	jump_0593+372	jump_0593	movx @DPTR, A
0x0036	R	jump_0593+374	jump_0593	movx A, @DPTR
0xFFF4	W	jump_0593+376	jump_0593	movx @DPTR, A
0xFFF5	W	jump_0646+405	jump_0646	movx @DPTR, A
0xFFF4	W	jump_0646+409	jump_0646	movx @DPTR, A
0xFFF4	W	jump_0646+412	jump_0646	movx @DPTR, A
0xFFF4	W	jump_0646+416	jump_0646	movx @DPTR, A
0xFFF4	W	jump_0646+419	jump_0646	movx @DPTR, A
0xFFF4	W	jump_0646+422	jump_0646	movx @DPTR, A
0x005A	W	jump_0DFE+426	jump_0DFE	movx @DPTR, A
0x005A	W	jump_0DFE+428	jump_0DFE	movx @DPTR, A
0x005A	R	jump_0E05+434	jump_0E05	movx A, @DPTR
0x005A	R	jump_0E05+441	jump_0E05	movx A, @DPTR
0x005A	W	jump_0E05+443	jump_0E05	movx @DPTR, A
0x005A	R	jump_0E05+446	jump_0E05	movx A, @DPTR
0x005A	W	jump_0E05+448	jump_0E05	movx @DPTR, A
0x005A	W	jump_0E2C+458	jump_0E2C	movx @DPTR, A
0x005A	W	jump_0E2C+460	jump_0E2C	movx @DPTR, A
0x005A	R	jump_0E3D+466	jump_0E3D	movx A, @DPTR
0x005A	R	jump_0E3D+471	jump_0E3D	movx A, @DPTR
0x005A	W	jump_0E3D+478	jump_0E3D	movx @DPTR, A
0x005A	R	jump_0E3D+480	jump_0E3D	movx A, @DPTR
0x005A	W	jump_0E3D+482	jump_0E3D	movx @DPTR, A
0x005A	R	jump_0E3D+485	jump_0E3D	movx A, @DPTR
0x005A	W	jump_0E3D+487	jump_0E3D	movx @DPTR, A
0x005A	W	jump_0E6C+491	jump_0E6C	movx @DPTR, A
0x005A	W	jump_0E6C+493	jump_0E6C	movx @DPTR, A
0x005A	R	jump_0E73+499	jump_0E73	movx A, @DPTR
0x005A	R	jump_0E73+504	jump_0E73	movx A, @DPTR
0x005A	W	jump_0E73+511	jump_0E73	movx @DPTR, A
0x005A	R	jump_0E73+513	jump_0E73	movx A, @DPTR
0x005A	W	jump_0E73+515	jump_0E73	movx @DPTR, A
0x005A	R	jump_0E73+518	jump_0E73	movx A, @DPTR
0x005A	W	jump_0E73+520	jump_0E73	movx @DPTR, A
0x0084	W	jump_0EA2+582	jump_0EA2	movx @DPTR, A
0x0084	W	jump_0EA2+585	jump_0EA2	movx @DPTR, A
0x0084	W	jump_0F1F+595	jump_0F1F	movx @DPTR, A
0x0084	W	jump_0F1F+598	jump_0F1F	movx @DPTR, A
0x0057	W	jump_0F3C+607	jump_0F3C	movx @DPTR, A
0x0058	W	jump_0F3C+618	jump_0F3C	movx @DPTR, A
0x0057	R	jump_0F3C+622	jump_0F3C	movx A, @DPTR
0x0057	R	jump_0F3C+629	jump_0F3C	movx A, @DPTR
0x0059	W	jump_0F3C+632	jump_0F3C	movx @DPTR, A
0x0058	R	jump_0F3C+634	jump_0F3C	movx A, @DPTR
0x0058	R	jump_0F3C+639	jump_0F3C	movx A, @DPTR
0x0058	W	jump_0F3C+646	jump_0F3C	movx @DPTR, A
0x0059	R	jump_0F7E+649	jump_0F7E	movx A, @DPTR
0x0059	W	jump_0F7E+651	jump_0F7E	movx @DPTR, A
0x0059	R	jump_0F84+653	jump_0F84	movx A, @DPTR
0x0059	W	jump_0F84+662	jump_0F84	movx @DPTR, A
0x0057	R	jump_0FA0+669	jump_0FA0	movx A, @DPTR
0x0057	R	jump_0FA0+676	jump_0FA0	movx A, @DPTR
0x0059	W	jump_0FA0+679	jump_0FA0	movx @DPTR, A
0x0058	R	jump_0FA0+681	jump_0FA0	movx A, @DPTR
0x0058	R	jump_0FA0+686	jump_0FA0	movx A, @DPTR
0x0058	W	jump_0FA0+693	jump_0FA0	movx @DPTR, A
0x0059	R	jump_0FC7+696	jump_0FC7	movx A, @DPTR
0x0059	W	jump_0FC7+698	jump_0FC7	movx @DPTR, A
0x0059	R	jump_0FCD+700	jump_0FCD	movx A, @DPTR
0x0059	W	jump_0FCD+709	jump_0FCD	movx @DPTR, A
0x0179	R	jump_0FE7+715	jump_0FE7	movx A, @DPTR
0x0084	R	jump_0FF0+721	jump_0FF0	movx A, @DPTR
0x0084	R	jump_0FF0+724	jump_0FF0	movx A, @DPTR
0x0066	R	jump_0FFA+733	jump_0FFA	movx A, @DPTR
0x006F	W	jump_1016+744	jump_1016	movx @DPTR, A
0x006F	R	jump_1016+753	jump_1016	movx A, @DPTR
0x005A	W	jump_103C+760	jump_103C	movx @DPTR, A
0x005A	W	jump_103C+763	jump_103C	movx @DPTR, A
0x005A	R	jump_1048+765	jump_1048	movx A, @DPTR
0x005A	R	jump_1048+768	jump_1048	movx A, @DPTR
0x005A	R	jump_1048+775	jump_1048	movx A, @DPTR
0x11EC	R	jump_1048+792	jump_1048	movx A, @DPTR
0x11EC	R	jump_1048+795	jump_1048	movx A, @DPTR
0x006C	W	jump_1048+798	jump_1048	movx @DPTR, A
0x006C	W	jump_1048+801	jump_1048	movx @DPTR, A
0x005A	R	jump_107D+807	jump_107D	movx A, @DPTR
0x005A	W	jump_107D+809	jump_107D	movx @DPTR, A
0x0070	R	jump_108D+812	jump_108D	movx A, @DPTR
0x0070	R	jump_108D+815	jump_108D	movx A, @DPTR
0x006C	W	jump_108D+818	jump_108D	movx @DPTR, A
0x006C	W	jump_108D+821	jump_108D	movx @DPTR, A
0x005A	W	jump_109C+824	jump_109C	movx @DPTR, A
0x005A	W	jump_109C+826	jump_109C	movx @DPTR, A
0x005A	R	jump_10A3+828	jump_10A3	movx A, @DPTR
0x005A	R	jump_10A3+831	jump_10A3	movx A, @DPTR
0x006C	R	jump_10B8+845	jump_10B8	movx A, @DPTR
0x006C	R	jump_10B8+848	jump_10B8	movx A, @DPTR
0x006C	R	jump_10CB+856	jump_10CB	movx A, @DPTR
0x006C	R	jump_10CB+859	jump_10CB	movx A, @DPTR
0x005A	R	jump_10DB+868	jump_10DB	movx A, @DPTR
0x005A	W	jump_10DB+870	jump_10DB	movx @DPTR, A
0x0067	R	jump_10EB+873	jump_10EB	movx A, @DPTR
0x006E	R	jump_10F5+877	jump_10F5	movx A, @DPTR
0x006E	W	jump_10F5+879	jump_10F5	movx @DPTR, A
0x006E	R	jump_10F5+880	jump_10F5	movx A, @DPTR
0x006E	W	jump_10F5+885	jump_10F5	movx @DPTR, A
0x0068	R	jump_1103+887	jump_1103	movx A, @DPTR
0x006E	R	jump_1103+890	jump_1103	movx A, @DPTR
0x006E	W	jump_1103+892	jump_1103	movx @DPTR, A
0x006E	R	jump_1103+893	jump_1103	movx A, @DPTR
0x006E	W	jump_1103+898	jump_1103	movx @DPTR, A
0x0069	R	jump_1118+900	jump_1118	movx A, @DPTR
0x006E	R	jump_1118+903	jump_1118	movx A, @DPTR
0x006E	W	jump_1118+905	jump_1118	movx @DPTR, A
0x006E	R	jump_1118+906	jump_1118	movx A, @DPTR
0x006E	W	jump_1118+911	jump_1118	movx @DPTR, A
0x006E	R	jump_112D+913	jump_112D	movx A, @DPTR
0x006E	W	jump_112D+915	jump_112D	movx @DPTR, A
0x006E	R	jump_112D+916	jump_112D	movx A, @DPTR
0x006E	W	jump_112D+921	jump_112D	movx @DPTR, A
0x006E	R	jump_113B+923	jump_113B	movx A, @DPTR
0x0086	W	jump_113B+925	jump_113B	movx @DPTR, A
0x005A	W	jump_113B+928	jump_113B	movx @DPTR, A
0x005A	W	jump_113B+930	jump_113B	movx @DPTR, A
0x005A	R	jump_114A+936	jump_114A	movx A, @DPTR
0x0086	R	jump_114A+941	jump_114A	movx A, @DPTR
0x006C	W	jump_114A+955	jump_114A	movx @DPTR, A
0x006C	W	jump_114A+958	jump_114A	movx @DPTR, A
0x006C	R	jump_114A+960	jump_114A	movx A, @DPTR
0x006A	R	jump_114A+963	jump_114A	movx A, @DPTR
0x005A	R	jump_1192+971	jump_1192	movx A, @DPTR
0x005A	R	jump_1192+974	jump_1192	movx A, @DPTR
0x006C	R	jump_119C+978	jump_119C	movx A, @DPTR
0x006C	R	jump_119C+981	jump_119C	movx A, @DPTR
0x006C	R	jump_11AB+989	jump_11AB	movx A, @DPTR
0x006C	R	jump_11AB+992	jump_11AB	movx A, @DPTR
0x005A	R	jump_11BB+1001	jump_11BB	movx A, @DPTR
0x005A	W	jump_11BB+1003	jump_11BB	movx @DPTR, A
0x0086	R	jump_11D5+1014	jump_11D5	movx A, @DPTR
0x0086	W	jump_11D5+1016	jump_11D5	movx @DPTR, A
0x0086	R	jump_11D5+1017	jump_11D5	movx A, @DPTR
0x0086	W	jump_11D5+1022	jump_11D5	movx @DPTR, A
0xFFF1	W	jump_1440+1028	jump_1440	movx @DPTR, A
0xFFF1	W	jump_1440+1033	jump_1440	movx @DPTR, A
0xFFF0	R	jump_1440+1035	jump_1440	movx A, @DPTR
0x017B	R	jump_30AA+1203	jump_30AA	movx A, @DPTR
0x017A	R	jump_30AA+1206	jump_30AA	movx A, @DPTR
0xFFE1	R	jump_30B9+1211	jump_30B9	movx A, @DPTR
0xFFE3	R	jump_30C3+1215	jump_30C3	movx A, @DPTR
0x017B	W	jump_30F8+1243	jump_30F8	movx @DPTR, A
0x017A	W	jump_30F8+1246	jump_30F8	movx @DPTR, A
0x017B	W	jump_312D+1272	jump_312D	movx @DPTR, A
0x017B	W	jump_3140+1282	jump_3140	movx @DPTR, A
0x017B	W	jump_316B+1307	jump_316B	movx @DPTR, A
0x0137	R	jump_3176+1321	jump_3176	movx A, @DPTR
0x0137	W	jump_3176+1325	jump_3176	movx @DPTR, A
0x0137	R	jump_3176+1326	jump_3176	movx A, @DPTR
0x0137	W	jump_3176+1328	jump_3176	movx @DPTR, A
0x0137	R	jump_3176+1330	jump_3176	movx A, @DPTR
0x0137	W	jump_3176+1333	jump_3176	movx @DPTR, A
0x0137	R	jump_3176+1338	jump_3176	movx A, @DPTR
0x0137	W	jump_31C1+1375	jump_31C1	movx @DPTR, A
0x017B	W	jump_323C+1430	jump_323C	movx @DPTR, A
0x017B	W	jump_3246+1439	jump_3246	movx @DPTR, A
0x017B	R	jump_3253+1443	jump_3253	movx A, @DPTR
0xFFE1	R	jump_326C+1457	jump_326C	movx A, @DPTR
0xFFE3	W	jump_327E+1467	jump_327E	movx @DPTR, A
0xFFE1	R	jump_3332+1501	jump_3332	movx A, @DPTR
0xFFE1	W	jump_3332+1504	jump_3332	movx @DPTR, A
0xFFE1	W	jump_3332+1509	jump_3332	movx @DPTR, A
0xFFE1	W	jump_3348+1521	jump_3348	movx @DPTR, A
0xFFE1	W	jump_3348+1524	jump_3348	movx @DPTR, A
0xFFE1	W	jump_3348+1527	jump_3348	movx @DPTR, A
0xFFE1	W	jump_3348+1530	jump_3348	movx @DPTR, A
0xFFE1	W	jump_3348+1533	jump_3348	movx @DPTR, A
0xFFE1	W	jump_3348+1536	jump_3348	movx @DPTR, A
0xFFE1	W	jump_3348+1539	jump_3348	movx @DPTR, A
0xFFE1	W	jump_3348+1542	jump_3348	movx @DPTR, A
0xFFE1	W	jump_3348+1545	jump_3348	movx @DPTR, A
0xFFE1	W	jump_3348+1548	jump_3348	movx @DPTR, A
0xFFE1	W	jump_3348+1551	jump_3348	movx @DPTR, A
0xFFE1	W	jump_3348+1554	jump_3348	movx @DPTR, A
0xFFE1	W	jump_3348+1557	jump_3348	movx @DPTR, A
0xFFE1	W	jump_3348+1560	jump_3348	movx @DPTR, A
0xFFE1	W	jump_3348+1563	jump_3348	movx @DPTR, A
0xFFE1	W	jump_3348+1566	jump_3348	movx @DPTR, A
0xFFE1	W	jump_3348+1569	jump_3348	movx @DPTR, A
0xFFE1	W	jump_3348+1571	jump_3348	movx @DPTR, A
0xFFE1	W	jump_3348+1574	jump_3348	movx @DPTR, A
0xFFE1	W	jump_3348+1577	jump_3348	movx @DPTR, A
0xFFE1	W	jump_3348+1580	jump_3348	movx @DPTR, A
0xFFE1	W	jump_3348+1583	jump_3348	movx @DPTR, A
0xFEC8	R	jump_33F8+1610	jump_33F8	movx A, @DPTR
0xFED0	R	SERIAL_ISR+1625	SERIAL_ISR	movx A, @DPTR
0xFEEC	R	jump_3434+1640	jump_3434	movx A, @DPTR
0xFEC0	R	jump_3452+1655	jump_3452	movx A, @DPTR
0xFEC4	R	jump_3470+1670	jump_3470	movx A, @DPTR
0xFECC	R	jump_348E+1685	jump_348E	movx A, @DPTR
0xFED8	R	jump_34AC+1700	jump_34AC	movx A, @DPTR
0xFEDC	R	jump_34CA+1715	jump_34CA	movx A, @DPTR
0xFEE0	R	jump_34E8+1730	jump_34E8	movx A, @DPTR
0xFEE4	R	jump_3506+1745	jump_3506	movx A, @DPTR
0xFEE8	R	jump_3524+1760	jump_3524	movx A, @DPTR
0xFEF0	R	jump_3542+1775	jump_3542	movx A, @DPTR
0xFEF4	R	jump_3560+1790	jump_3560	movx A, @DPTR
0xFEF8	R	jump_357E+1805	jump_357E	movx A, @DPTR
